"","start.station.id","X","start.station.latitude","start.station.longitude","hire","start.station.name"
"253",519,346,40.751873,-73.977706,11231,"Pershing Square North"
"159",402,204,40.7403432,-73.98955109,7863,"Broadway & E 22 St"
"235",497,197,40.73704984,-73.99009296,7646,"E 17 St & Broadway"
"183",435,149,40.74173969,-73.99415556,7034,"W 21 St & 6 Ave"
"430",3255,142,40.7505853470215,-73.9946848154068,6545,"8 Ave & W 31 St"
"67",285,188,40.73454567,-73.99074142,5959,"Broadway & E 14 St"
"64",281,389,40.7643971,-73.97371465,5851,"Grand Army Plaza & Central Park S"
"237",499,296,40.76915505,-73.98191841,5764,"Broadway & W 60 St"
"229",490,152,40.751551,-73.993934,5628,"8 Ave & W 33 St"
"142",382,170,40.73492695,-73.99200509,5605,"University Pl & E 14 St"
"218",477,198,40.75640548,-73.9900262,5509,"W 41 St & 8 Ave"
"256",523,180,40.75466591,-73.99138152,5483,"W 38 St & 8 Ave"
"179",426,12,40.71754834,-74.01322069,5409,"West St & Chambers St"
"126",359,374,40.75510267,-73.97498696,5235,"E 47 St & Park Ave"
"279",2006,362,40.76590936,-73.97634151,5211,"Central Park S & 6 Ave"
"743",3641,207,40.7428687731211,-73.9891862869263,5178,"Broadway & W 25 St"
"125",358,50,40.73291553,-74.00711384,5145,"Christopher St & Greenwich St"
"70",293,183,40.7302066052995,-73.9910262823105,5139,"Lafayette St & E 8 St"
"755",3660,92,40.7410215090027,-74.001384973526,5030,"W 16 St & 8 Ave"
"201",457,299,40.76695317,-73.98169333,4997,"Broadway & W 58 St"
"181",432,267,40.72621788,-73.98379855,4905,"E 7 St & Avenue A"
"28",229,158,40.72743423,-73.99379025,4894,"Great Jones St"
"243",505,218,40.74901271,-73.98848395,4766,"6 Ave & W 33 St"
"134",368,86,40.73038599,-74.00214988,4759,"Carmine St & 6 Ave"
"248",514,78,40.76087502,-74.00277668,4705,"12 Ave & W 40 St"
"435",3263,187,40.7295149622495,-73.990752696991,4680,"Cooper Square & Astor Pl"
"207",465,243,40.75513557,-73.98658032,4669,"Broadway & W 41 St"
"223",482,104,40.73935542,-73.99931783,4648,"W 15 St & 7 Ave"
"231",492,185,40.75019995,-73.99093085,4647,"W 33 St & 7 Ave"
"145",387,67,40.71273266,-74.0046073,4642,"Centre St & Chambers St"
"203",459,44,40.746745,-74.007756,4613,"W 20 St & 11 Ave"
"140",379,175,40.749156,-73.9916,4586,"W 31 St & 7 Ave"
"19",168,145,40.73971301,-73.99456405,4525,"W 18 St & 6 Ave"
"269",537,265,40.74025878,-73.98409214,4460,"Lexington Ave & E 24 St"
"13",151,120,40.722103786686,-73.997249007225,4444,"Cleveland Pl & Spring St"
"287",3002,6,40.711512,-74.015756,4394,"South End Ave & Liberty St"
"582",3443,323,40.7613298312481,-73.9798200130463,4271,"W 52 St & 6 Ave"
"206",462,68,40.74691959,-74.00451887,4234,"W 22 St & 10 Ave"
"242",504,300,40.73221853,-73.98165557,4192,"1 Ave & E 16 St"
"577",3435,132,40.718822,-73.99596,4190,"Grand St & Elizabeth St"
"190",442,154,40.746647,-73.993915,4104,"W 27 St & 7 Ave"
"415",3224,64,40.7399735410341,-74.0051387250423,4063,"W 13 St & Hudson St"
"8",128,75,40.72710258,-74.00297088,4059,"MacDougal St & Prince St"
"214",472,294,40.7457121,-73.98194829,4055,"E 32 St & Park Ave"
"230",491,246,40.74096374,-73.98602213,4043,"E 24 St & Park Ave S"
"99",327,5,40.7153379,-74.01658354,4022,"Vesey Pl & River Terrace"
"234",496,168,40.73726186,-73.99238967,3963,"E 16 St & 5 Ave"
"20",173,260,40.7606832709659,-73.9845272898674,3939,"Broadway & W 49 St"
"193",446,135,40.74487634,-73.99529885,3916,"W 24 St & 7 Ave"
"236",498,219,40.74854862,-73.98808416,3903,"Broadway & W 32 St"
"396",3164,329,40.7770575,-73.97898475,3895,"Columbus Ave & W 72 St"
"251",517,342,40.751581,-73.97791,3852,"Pershing Square South"
"196",450,223,40.76227205,-73.98788205,3846,"W 49 St & 8 Ave"
"143",383,93,40.735238,-74.000271,3799,"Greenwich Ave & Charles St"
"426",3244,139,40.7314372408523,-73.9949034154415,3727,"University Pl & E 8 St"
"197",453,107,40.74475148,-73.99915362,3716,"W 22 St & 8 Ave"
"7",127,52,40.73172428,-74.00674436,3711,"Barrow St & Hudson St"
"571",3427,130,40.7243052725033,-73.9960098266602,3707,"Lafayette St & Jersey St"
"16",161,114,40.72917025,-73.99810231,3696,"LaGuardia Pl & W 3 St"
"227",486,217,40.7462009,-73.98855723,3688,"Broadway & W 29 St"
"260",527,366,40.744023,-73.976056,3677,"E 33 St & 2 Ave"
"397",3165,365,40.7757937668367,-73.9762057363987,3649,"Central Park West & W 72 St"
"419",3233,339,40.7572456791173,-73.978059142828,3637,"E 48 St & 5 Ave"
"376",3141,513,40.76500525,-73.95818491,3633,"1 Ave & E 68 St"
"246",509,88,40.7454973,-74.00197139,3630,"9 Ave & W 22 St"
"161",405,42,40.739323,-74.008119,3625,"Washington St & Gansevoort St"
"224",483,212,40.73223272,-73.98889957,3613,"E 12 St & 3 Ave"
"192",445,303,40.72740794,-73.98142006,3609,"E 10 St & Avenue A"
"208",466,179,40.74395411,-73.99144871,3601,"W 25 St & 6 Ave"
"45",254,115,40.73532427,-73.99800419,3593,"W 11 St & 6 Ave"
"395",3163,345,40.7734066,-73.97782542,3581,"Central Park West & W 68 St"
"272",545,338,40.736502,-73.97809472,3573,"E 23 St & 1 Ave"
"182",433,313,40.72955361,-73.98057249,3557,"E 13 St & Avenue A"
"220",479,181,40.76019252,-73.9912551,3553,"9 Ave & W 45 St"
"73",297,238,40.734232,-73.986923,3501,"E 15 St & 3 Ave"
"216",474,240,40.7451677,-73.98683077,3498,"5 Ave & E 29 St"
"244",507,324,40.73912601,-73.97973776,3490,"E 25 St & 2 Ave"
"252",518,392,40.74780373,-73.9734419,3477,"E 39 St & 2 Ave"
"116",347,40,40.728846,-74.008591,3447,"Greenwich St & W Houston St"
"187",439,202,40.7262807,-73.98978041,3418,"E 4 St & 2 Ave"
"232",494,121,40.74734825,-73.99723551,3333,"W 26 St & 8 Ave"
"31",237,242,40.73047309,-73.98672378,3328,"E 11 St & 2 Ave"
"172",417,26,40.71291224,-74.01020234,3302,"Barclay St & Church St"
"434",3260,127,40.7270636334831,-73.9966213703155,3293,"Mercer St & Bleecker St"
"399",3167,310,40.7796680900731,-73.9809304475784,3240,"Amsterdam Ave & W 73 St"
"264",531,167,40.71893904,-73.99266288,3216,"Forsyth St & Broome St"
"284",2021,216,40.75929124,-73.98859651,3215,"W 45 St & 8 Ave"
"30",236,235,40.7284186,-73.98713956,3160,"St Marks Pl & 2 Ave"
"205",461,292,40.73587678,-73.98205027,3160,"E 20 St & 2 Ave"
"210",468,295,40.7652654,-73.98192338,3157,"Broadway & W 56 St"
"268",536,371,40.74144387,-73.97536082,3155,"1 Ave & E 30 St"
"202",458,63,40.751396,-74.005226,3145,"11 Ave & W 27 St"
"432",3258,85,40.7501815632568,-74.0021842718124,3144,"W 27 St & 10 Ave"
"271",540,290,40.7431155537649,-73.9821535348892,3108,"Lexington Ave & E 29 St"
"186",438,248,40.72779126,-73.98564945,3105,"St Marks Pl & 1 Ave"
"115",346,57,40.73652889,-74.00618026,3104,"Bank St & Hudson St"
"263",530,192,40.771522,-73.990541,3094,"11 Ave & W 59 St"
"80",307,200,40.71427487,-73.98990025,3082,"Canal St & Rutgers St"
"228",487,369,40.73314259,-73.97573881,3061,"E 20 St & FDR Drive"
"105",335,150,40.72903917,-73.99404649,3030,"Washington Pl & Broadway"
"390",3158,284,40.77163851,-73.98261428,3028,"W 63 St & Broadway"
"239",501,406,40.744219,-73.97121214,3015,"FDR Drive & E 35 St"
"194",447,253,40.76370739,-73.9851615,2993,"8 Ave & W 52 St"
"88",315,53,40.70355377,-74.00670227,2987,"South St & Gouverneur Ln"
"280",2008,3,40.70569254,-74.01677685,2979,"Little West St & 1 Pl"
"259",526,255,40.74765947,-73.98490707,2976,"E 33 St & 5 Ave"
"166",410,252,40.72066442,-73.98517977,2967,"Suffolk St & Stanton St"
"42",251,140,40.72317958,-73.99480012,2966,"Mott St & Prince St"
"436",3282,500,40.78307,-73.95939,2957,"5 Ave & E 88 St"
"98",326,264,40.72953837,-73.98426726,2932,"E 11 St & 1 Ave"
"277",2003,314,40.7338121919663,-73.9805442094803,2930,"1 Ave & E 18 St"
"225",484,318,40.75500254,-73.98014437,2916,"W 44 St & 5 Ave"
"85",312,209,40.722055,-73.989111,2910,"Allen St & Stanton St"
"591",3458,337,40.763093872708,-73.9783501625061,2904,"W 55 St & 6 Ave"
"217",476,325,40.74394314,-73.97966069,2877,"E 31 St & 3 Ave"
"106",336,108,40.73047747,-73.99906065,2863,"Sullivan St & Washington Sq"
"431",3256,19,40.7277140777778,-74.011295735836,2854,"Pier 40 - Hudson River Park"
"77",304,11,40.70463334,-74.01361706,2848,"Broadway & Battery Pl"
"23",212,51,40.74334935,-74.00681753,2834,"W 16 St & The High Line"
"158",401,199,40.72019576,-73.98997825,2833,"Allen St & Rivington St"
"226",485,273,40.75038009,-73.98338988,2833,"W 37 St & 5 Ave"
"53",265,177,40.72229346,-73.99147535,2827,"Stanton St & Chrystie St"
"288",3016,480,40.7203677529846,-73.9616507291794,2804,"Kent Ave & N 7 St"
"78",305,436,40.76095756,-73.96724467,2789,"E 58 St & 3 Ave"
"257",524,276,40.75527307,-73.98316936,2789,"W 43 St & 6 Ave"
"400",3168,420,40.78472675,-73.96961715,2739,"Central Park West & W 85 St"
"254",520,360,40.75992262,-73.97648516,2732,"W 52 St & 5 Ave"
"146",388,76,40.749717753,-74.002950346,2726,"W 26 St & 10 Ave"
"740",3632,331,40.7280485713626,-73.9788115024567,2726,"E 12 St & Avenue B"
"97",325,258,40.73624527,-73.98473765,2715,"E 19 St & 3 Ave"
"391",3159,283,40.77492513,-73.98266566,2713,"W 67 St & Broadway"
"56",268,102,40.71910537,-73.99973337,2701,"Howard St & Centre St"
"21",174,349,40.7381765,-73.97738662,2694,"E 25 St & 1 Ave"
"273",546,278,40.74444921,-73.98303529,2694,"E 30 St & Park Ave S"
"421",3236,157,40.7589848139963,-73.9937996864319,2692,"W 42 St & Dyer Ave"
"595",3463,222,40.7353670556054,-73.9879739284515,2687,"E 16 St & Irving Pl"
"18",167,367,40.7489006,-73.97604882,2684,"E 39 St & 3 Ave"
"373",3137,440,40.77282817,-73.96685276,2679,"5 Ave & E 73 St"
"128",361,173,40.71605866,-73.99190759,2676,"Allen St & Hester St"
"76",303,103,40.72362738,-73.99949601,2660,"Mercer St & Spring St"
"160",403,189,40.72502876,-73.99069656,2637,"E 2 St & 2 Ave"
"219",478,110,40.76030096,-73.99884222,2614,"11 Ave & W 41 St"
"262",529,184,40.7575699,-73.99098507,2599,"W 42 St & 8 Ave"
"139",377,59,40.72243797,-74.00566443,2590,"6 Ave & Canal St"
"572",3429,343,40.6850680730818,-73.9779075980186,2580,"Hanson Pl & Ashland Pl"
"104",334,119,40.74238787,-73.99726235,2571,"W 20 St & 7 Ave"
"377",3142,484,40.7612274,-73.96094022,2571,"1 Ave & E 62 St"
"168",412,148,40.7158155,-73.99422366,2570,"Forsyth St & Canal St"
"261",528,353,40.74290902,-73.97706058,2564,"2 Ave & E 31 St"
"600",3474,70,40.7252556952547,-74.0041208267212,2539,"6 Ave & Spring St"
"55",267,228,40.75097711,-73.98765428,2536,"Broadway & W 36 St"
"195",448,116,40.75660359,-73.9979009,2529,"W 37 St & 10 Ave"
"90",317,297,40.72453734,-73.98185424,2510,"E 6 St & Avenue B"
"22",195,24,40.70905623,-74.01043382,2497,"Liberty St & Broadway"
"249",515,144,40.76009437,-73.99461843,2480,"W 43 St & 10 Ave"
"221",480,191,40.76669671,-73.99061728,2478,"W 53 St & 10 Ave"
"189",441,435,40.756014,-73.967416,2469,"E 52 St & 2 Ave"
"74",301,269,40.72217444,-73.98368779,2463,"E 2 St & Avenue B"
"91",319,30,40.711066,-74.009447,2463,"Fulton St & Broadway"
"233",495,165,40.76269882,-73.99301222,2462,"W 47 St & 10 Ave"
"282",2010,83,40.72165481,-74.00234737,2449,"Grand St & Greene St"
"336",3093,510,40.71745169,-73.95850939,2431,"N 6 St & Bedford Ave"
"245",508,126,40.76341379,-73.99667444,2422,"W 46 St & 11 Ave"
"265",532,486,40.710451,-73.960876,2411,"S 5 Pl & S 5 St"
"596",3466,288,40.7566872060318,-73.9825773239136,2386,"W 45 St & 6 Ave (OLD)"
"414",3223,427,40.7589965596051,-73.9686539769173,2380,"E 55 St & 3 Ave"
"759",3664,25,40.7201952143746,-74.0103006362915,2366,"North Moore St & Greenwich St"
"211",469,282,40.76344058,-73.98268129,2355,"Broadway & W 53 St"
"375",3140,566,40.77140426,-73.9535166,2351,"1 Ave & E 78 St"
"212",470,97,40.74345335,-74.00004031,2350,"W 20 St & 8 Ave"
"1",72,153,40.76727216,-73.99392888,2328,"W 52 St & 11 Ave"
"258",525,87,40.75594159,-74.0021163,2326,"W 34 St & 11 Ave"
"152",394,347,40.72521311,-73.97768752,2322,"E 9 St & Avenue C"
"238",500,274,40.76228826,-73.98336183,2296,"Broadway & W 51 St"
"741",3635,137,40.7546232402911,-73.9951676130295,2280,"W 36 St & 9 Ave"
"130",363,1,40.70834698,-74.01713445,2267,"West Thames St"
"266",533,233,40.75299641,-73.98721619,2245,"Broadway & W 38 St"
"752",3656,247,40.7230774906867,-73.9858362078667,2225,"E 2 St & Avenue A"
"270",539,495,40.71534825,-73.96024116,2222,"Metropolitan Ave & Bedford Ave"
"433",3259,105,40.7493702419328,-73.9992338418961,2220,"9 Ave & W 28 St"
"100",328,28,40.72405549,-74.00965965,2219,"Watts St & Greenwich St"
"43",252,112,40.73226398,-73.99852205,2217,"MacDougal St & Washington Sq"
"178",423,239,40.76584941,-73.98690506,2210,"W 54 St & 9 Ave"
"283",2012,356,40.739445,-73.976806,2208,"E 27 St & 1 Ave"
"122",355,101,40.71602118,-73.99974372,2164,"Bayard St & Baxter St"
"382",3147,559,40.77801203,-73.95407149,2164,"E 85 St & 3 Ave"
"188",440,395,40.75255434,-73.97282625,2150,"E 45 St & 3 Ave"
"393",3161,350,40.7801839724239,-73.9772853255272,2119,"W 76 St & Columbus Ave"
"82",309,13,40.7149787,-74.013012,2113,"Murray St & West St"
"555",3409,190,40.6867443,-73.99063168,2106,"Bergen St & Smith St"
"135",369,94,40.73224119,-74.00026394,2093,"Washington Pl & 6 Ave"
"240",502,304,40.714215,-73.981346,2077,"Henry St & Grand St"
"333",3090,539,40.71774592,-73.95600096,2070,"N 8 St & Driggs Ave"
"204",460,447,40.71285887,-73.96590294,2069,"S 4 St & Wythe Ave"
"599",3472,47,40.742753828659,-74.0074735879898,2069,"W 15 St & 10 Ave"
"593",3461,20,40.7148515052625,-74.0112233161926,2062,"Murray St & Greenwich St"
"378",3143,459,40.7763214218227,-73.9642739295959,2060,"5 Ave & E 78 St"
"274",2000,206,40.70255088,-73.98940236,2059,"Front St & Washington St"
"199",455,423,40.75001986,-73.96905301,2050,"1 Ave & E 44 St"
"255",522,398,40.75714758,-73.97207836,2031,"E 51 St & Lexington Ave"
"764",3674,241,40.7014031725772,-73.9867267012596,2026,"Jay St & York St"
"447",3295,454,40.79127,-73.964839,2014,"Central Park W & W 96 St"
"402",3170,394,40.78499979,-73.97283406,1990,"W 84 St & Columbus Ave"
"276",2002,464,40.716887,-73.963198,1988,"Wythe Ave & Metropolitan Ave"
"62",279,90,40.707873,-74.00167,1978,"Peck Slip & Front St"
"84",311,221,40.7172274,-73.98802084,1963,"Norfolk St & Broome St"
"406",3175,280,40.77748046,-73.98288594,1956,"W 70 St & Amsterdam Ave"
"574",3431,344,40.746524,-73.977885,1952,"E 35 St & 3 Ave"
"200",456,383,40.7597108,-73.97402311,1950,"E 53 St & Madison Ave"
"754",3659,69,40.7429489166009,-74.0041369199753,1941,"W 17 St & 9 Ave"
"39",247,66,40.73535398,-74.00483091,1929,"Perry St & Bleecker St"
"392",3160,386,40.77896784,-73.97374737,1906,"Central Park West & W 76 St"
"524",3374,546,40.799484,-73.955613,1891,"Central Park North & Adam Clayton Powell Blvd"
"580",3440,205,40.6924182925785,-73.989494740963,1885,"Fulton St & Adams St"
"124",357,176,40.73261787,-73.99158043,1883,"E 11 St & Broadway"
"177",422,220,40.770513,-73.988038,1878,"W 59 St & 10 Ave"
"753",3658,71,40.7435337324616,-74.0036755800247,1864,"W 18 St & 9 Ave"
"403",3171,359,40.78524672,-73.97667321,1861,"Amsterdam Ave & W 82 St"
"510",3360,333,40.7829391,-73.9786517,1857,"Amsterdam Ave & W 79 St"
"72",296,123,40.71413089,-73.9970468,1852,"Division St & Bowery"
"149",391,160,40.69760127,-73.99344559,1845,"Clark St & Henry St"
"592",3459,421,40.7576322773944,-73.9693057537079,1843,"E 53 St & 3 Ave"
"247",513,215,40.768254,-73.988639,1840,"W 56 St & 10 Ave"
"388",3156,567,40.76663814,-73.95348296,1838,"E 72 St & York Ave"
"33",239,305,40.69196566,-73.9813018,1827,"Willoughby St & Fleet St"
"95",323,244,40.69236178,-73.98631746,1823,"Lawrence St & Willoughby St"
"568",3423,327,40.6610633719006,-73.9794525504112,1822,"West Drive & Prospect Park West"
"437",3283,414,40.7882213,-73.97041561,1808,"W 89 St & Columbus Ave"
"12",150,311,40.7208736,-73.98085795,1795,"E 2 St & Avenue C"
"350",3112,517,40.72906,-73.95779,1791,"Milton St & Franklin St"
"2",79,54,40.71911552,-74.00666661,1783,"Franklin St & W Broadway"
"420",3235,321,40.752165280622,-73.9799219369888,1780,"E 41 St & Madison Ave"
"118",350,236,40.71559509,-73.9870295,1772,"Clinton St & Grand St"
"416",3226,404,40.78275,-73.97137,1770,"W 82 St & Central Park West"
"11",146,33,40.71625008,-74.0091059,1768,"Hudson St & Reade St"
"369",3132,409,40.76350532,-73.97109243,1762,"E 59 St & Madison Ave"
"17",164,416,40.75323098,-73.97032517,1747,"E 47 St & 2 Ave"
"25",217,155,40.70277159,-73.99383605,1738,"Old Fulton St"
"46",257,81,40.71939226,-74.00247214,1698,"Lispenard St & Broadway"
"425",3243,472,40.7589238637769,-73.9622622728348,1697,"E 58 St & 1 Ave"
"453",3301,431,40.7919557,-73.968087,1697,"Columbus Ave & W 95 St"
"101",330,60,40.71450451,-74.00562789,1677,"Reade St & Broadway"
"71",295,166,40.71406667,-73.99293911,1675,"Pike St & E Broadway"
"405",3173,213,40.777507027548,-73.9888858795166,1667,"Riverside Blvd & W 67 St"
"27",228,400,40.7546011026,-73.971878855,1662,"E 48 St & 3 Ave"
"346",3107,582,40.72311651,-73.95212324,1658,"Bedford Ave & Nassau Ave"
"48",259,16,40.70122128,-74.01234218,1652,"South St & Whitehall St"
"129",362,231,40.75172632,-73.98753523,1650,"Broadway & W 37 St"
"215",473,172,40.72110063,-73.9919254,1650,"Rivington St & Chrystie St"
"144",386,84,40.71494807,-74.00234482,1634,"Centre St & Worth St"
"66",284,80,40.7390169121,-74.0026376103,1614,"Greenwich Ave & 8 Ave"
"93",321,203,40.69991755,-73.98971773,1611,"Cadman Plaza E & Red Cross Pl"
"335",3092,509,40.7190095,-73.95852515,1609,"Berry St & N 8 St"
"398",3166,249,40.7805779901033,-73.9856243133545,1595,"Riverside Dr & W 72 St"
"150",392,234,40.695065,-73.987167,1583,"Jay St & Tech Pl"
"549",3402,169,40.6902375,-73.99203074,1583,"Court St & State St"
"356",3119,558,40.74232744,-73.95411749,1571,"Vernon Blvd & 50 Ave"
"286",2023,417,40.75968085,-73.97031366,1569,"E 55 St & Lexington Ave"
"366",3129,682,40.75110165,-73.94073717,1565,"Queens Plaza North & Crescent St"
"209",467,330,40.68312489,-73.97895137,1538,"Dean St & 4 Ave"
"466",3314,399,40.7937704,-73.971888,1534,"W 95 St & Broadway"
"500",3349,412,40.6729679,-73.97087984,1527,"Grand Army Plaza & Plaza St West"
"92",320,61,40.717571,-74.005549,1522,"Leonard St & Church St"
"407",3176,230,40.77452835,-73.98753759,1522,"W 64 St & West End Ave"
"9",143,161,40.69239502,-73.99337909,1517,"Clinton St & Joralemon St"
"501",3350,415,40.7973721,-73.97041192,1504,"W 100 St & Broadway"
"394",3162,309,40.78339981,-73.98093133,1499,"W 78 St & Broadway"
"75",302,341,40.72082834,-73.97793172,1489,"Avenue D & E 3 St"
"123",356,285,40.71622644,-73.98261206,1483,"Bialystoker Pl & Delancey St"
"522",3372,552,40.7689738,-73.95482273,1478,"E 74 St & 1 Ave"
"119",351,58,40.70530954,-74.00612572,1476,"Front St & Maiden Ln"
"170",415,31,40.7047177,-74.00926027,1471,"Pearl St & Hanover Square"
"180",427,10,40.701907,-74.013942,1463,"Bus Slip & State St"
"81",308,113,40.71307916,-73.99851193,1439,"St James Pl & Oliver St"
"111",342,317,40.71739973,-73.98016555,1431,"Columbia St & Rivington St"
"151",393,319,40.72299208,-73.97995466,1431,"E 5 St & Avenue C"
"457",3305,604,40.7811222993417,-73.9496558904648,1428,"E 91 St & 2 Ave"
"408",3177,352,40.7867947,-73.977112,1417,"W 84 St & Broadway"
"404",3172,348,40.7785669,-73.97754961,1416,"W 74 St & Columbus Ave"
"60",276,23,40.71748752,-74.0104554,1393,"Duane St & Greenwich St"
"138",376,49,40.70862144,-74.00722156,1386,"John St & William St"
"330",3086,652,40.715143,-73.944507,1381,"Graham Ave & Conselyea St"
"162",406,133,40.69512845,-73.99595065,1380,"Hicks St & Montague St"
"470",3318,631,40.7839636,-73.9471673,1379,"2 Ave & E 96 St"
"52",264,48,40.70706456,-74.00731853,1372,"Maiden Ln & Pearl St"
"563",3418,408,40.6750207,-73.97111473,1354,"Plaza St West & Flatbush Ave"
"637",3521,580,40.7987859,-73.9523,1352,"Lenox Ave & W 111 St"
"517",3367,575,40.7922553,-73.95249933,1347,"5 Ave & E 103 St"
"387",3155,441,40.76440023,-73.96648977,1342,"Lexington Ave & E 63 St"
"133",366,425,40.693261,-73.968896,1337,"Clinton Ave & Myrtle Ave"
"583",3447,535,40.7670343230987,-73.9562273025513,1337,"E 71 St & 1 Ave"
"222",481,470,40.71260486,-73.96264403,1326,"S 3 St & Bedford Ave"
"79",306,62,40.70823502,-74.00530063,1320,"Cliff St & Fulton St_1"
"87",314,193,40.69383,-73.990539,1319,"Cadman Plaza West & Montague St"
"155",398,98,40.69165183,-73.9999786,1317,"Atlantic Ave & Furman St"
"370",3134,451,40.76312584,-73.96526895,1311,"3 Ave & E 62 St"
"89",316,55,40.70955958,-74.00653609,1306,"Fulton St & William St"
"267",534,15,40.70255065,-74.0127234,1297,"Water - Whitehall Plaza"
"198",454,445,40.75455731,-73.96592976,1293,"E 51 St & 1 Ave"
"594",3462,403,40.7511838746328,-73.9713871479034,1293,"E 44 St & 2 Ave"
"624",3507,689,40.8045555,-73.9396861,1291,"Park Ave & E 124 St"
"147",389,452,40.71044554,-73.96525063,1288,"Broadway & Berry St"
"117",349,275,40.71850211,-73.98329859,1286,"Rivington St & Ridge St"
"655",3539,487,40.8067581,-73.9607082,1280,"W 116 St & Amsterdam Ave"
"167",411,357,40.72228087,-73.97668709,1279,"E 6 St & Avenue D"
"472",3320,469,40.7940666081855,-73.9628684520721,1270,"Central Park West & W 100 St"
"532",3383,439,40.804213,-73.96699104,1262,"Cathedral Pkwy & Broadway"
"383",3148,592,40.77565541,-73.95068615,1254,"E 84 St & 1 Ave"
"439",3285,379,40.78839,-73.9747,1243,"W 87 St & Amsterdam Ave"
"590",3457,397,40.7630259428052,-73.9720952510834,1237,"E 58 St & Madison Ave"
"57",270,401,40.69308257,-73.97178913,1235,"Adelphi St & Myrtle Ave"
"349",3110,572,40.72708584,-73.95299117,1234,"Meserole Ave & Manhattan Ave"
"103",332,326,40.71219906,-73.97948148,1230,"Cherry St"
"47",258,426,40.68940747,-73.96885458,1229,"DeKalb Ave & Vanderbilt Ave"
"109",340,224,40.71269042,-73.98776323,1227,"Madison St & Clinton St"
"127",360,35,40.70717936,-74.00887308,1226,"William St & Pine St"
"250",516,433,40.75206862,-73.96784384,1212,"E 47 St & 1 Ave"
"281",2009,125,40.71117444,-73.99682619,1210,"Catherine St & Monroe St"
"475",3323,491,40.7981856,-73.9605909006,1208,"W 106 St & Central Park West"
"96",324,308,40.689888,-73.981013,1204,"DeKalb Ave & Hudson Ave"
"512",3362,488,40.7781314,-73.96069399,1202,"Madison Ave & E 82 St"
"504",3354,390,40.668132,-73.97363831,1197,"3 St & Prospect Park West"
"443",3290,638,40.7779453,-73.946041,1195,"E 89 St & York Ave"
"351",3113,561,40.73026,-73.95394,1169,"Greenpoint Ave & Manhattan Ave"
"528",3378,475,40.773763,-73.96222088,1168,"E 76 St & Park Ave"
"445",3293,384,40.7921,-73.9739,1162,"W 92 St & Broadway"
"604",3486,261,40.6884174275408,-73.9845165610313,1161,"Schermerhorn St & Bond St"
"107",337,41,40.7037992,-74.00838676,1158,"Old Slip & Front St"
"65",282,429,40.7076449441757,-73.9684152603149,1155,"Kent Ave & S 11 St"
"506",3356,259,40.7746671,-73.98470567,1151,"Amsterdam Ave & W 66 St"
"15",157,129,40.69089272,-73.99612349,1144,"Henry St & Atlantic Ave"
"58",274,358,40.68691865,-73.976682,1142,"Lafayette Ave & Fort Greene Pl"
"531",3382,141,40.680611,-73.99475825,1141,"Carroll St & Smith St"
"41",249,34,40.71870987,-74.0090009,1140,"Harrison St & Hudson St"
"418",3232,277,40.6896218879033,-73.9830426871777,1137,"Bond St & Fulton St"
"69",291,256,40.713126,-73.984844,1128,"Madison St & Montgomery St"
"148",390,263,40.69221589,-73.9842844,1125,"Duffield St & Willoughby St"
"650",3534,553,40.805159,-73.954692,1117,"Frederick Douglass Blvd & W 117 St"
"385",3151,599,40.7728384,-73.94989233,1111,"E 81 St & York Ave"
"83",310,208,40.68926942,-73.98912867,1110,"State St & Smith St"
"440",3286,581,40.7806284,-73.9521667,1106,"E 89 St & 3 Ave"
"102",331,171,40.71173107,-73.99193043,1100,"Pike St & Monroe St"
"374",3139,461,40.7711828754066,-73.9640942215919,1096,"E 72 St & Park Ave"
"667",3553,526,40.801694,-73.957145,1092,"Frederick Douglass Blvd & W 112 St"
"487",3336,565,40.787801,-73.953559,1090,"E 97 St & Madison Ave"
"444",3292,522,40.7857851,-73.957481,1080,"5 Ave & E 93 St"
"401",3169,306,40.78720869,-73.98128127,1073,"Riverside Dr & W 82 St"
"424",3242,174,40.6910292567797,-73.991833627224,1072,"Schermerhorn St & Court St"
"241",503,232,40.73827428,-73.98751968,1070,"E 20 St & Park Ave"
"49",260,18,40.70365182,-74.01167797,1063,"Broad St & Bridge St"
"164",408,151,40.71076228,-73.99400398,1063,"Market St & Cherry St"
"347",3108,654,40.72557,-73.94434,1063,"Nassau Ave & Russell St"
"37",244,450,40.69196035,-73.96536851,1062,"Willoughby Ave & Hall St"
"502",3351,674,40.7869946,-73.94164802,1062,"E 102 St & 1 Ave"
"467",3315,106,40.6847514,-73.99917254,1060,"Henry St & Degraw St"
"380",3145,519,40.77862688,-73.95772073,1058,"E 84 St & Park Ave"
"169",414,226,40.70281858,-73.98765762,1052,"Pearl St & Anchorage Pl"
"324",3078,489,40.7092482627616,-73.9606314897537,1047,"Broadway & Roebling St"
"54",266,368,40.72368361,-73.97574813,1046,"Avenue D & E 8 St"
"339",3096,577,40.71924,-73.95242,1037,"Union Ave & N 12 St"
"497",3346,372,40.6751468387098,-73.9752320945263,1025,"Berkeley Pl & 7 Ave"
"185",437,598,40.6809833854,-73.9500479759,1006,"Macon St & Nostrand Ave"
"381",3146,529,40.77573034,-73.9567526,1005,"E 81 St & 3 Ave"
"652",3536,460,40.8082,-73.9641,1002,"W 116 St & Broadway"
"744",3643,307,40.7527220138119,-73.9812362194061,999,"E 41 St & 5 Ave"
"156",399,455,40.68851534,-73.9647628,982,"Lafayette Ave & St James Pl"
"758",3663,385,40.6771648946906,-73.973827958107,980,"Sterling Pl & 7 Ave"
"361",3124,554,40.74731,-73.95451,976,"46 Ave & 5 St"
"348",3109,536,40.72606,-73.95621,967,"Banker St & Meserole Ave"
"131",364,496,40.68900443,-73.96023854,961,"Lafayette Ave & Classon Ave"
"171",416,396,40.68753406,-73.97265183,961,"Cumberland St & Lafayette Ave"
"94",322,182,40.696192,-73.991218,960,"Clinton St & Tillary St"
"372",3136,402,40.766368,-73.971518,957,"5 Ave & E 63 St"
"442",3289,393,40.7901794809508,-73.9728891849518,957,"W 90 St & Amsterdam Ave"
"576",3434,351,40.7902541733042,-73.9771834015846,956,"W 88 St & West End Ave"
"690",3576,424,40.6767,-73.969024,953,"Park Pl & Vanderbilt Ave"
"486",3335,281,40.6772744,-73.98282002,952,"Union St & 4 Ave"
"345",3106,666,40.72325,-73.94308,945,"Driggs Ave & N Henry St"
"368",3131,473,40.7671284034954,-73.9622461795807,943,"E 68 St & 3 Ave"
"331",3087,579,40.71413311,-73.95234386,942,"Metropolitan Ave & Meeker Ave"
"526",3376,476,40.7647185194434,-73.962220698595,925,"E 65 St & 2 Ave"
"409",3178,270,40.78414472,-73.98362492,920,"Riverside Dr & W 78 St"
"384",3150,620,40.77536905,-73.94803392,917,"E 85 St & York Ave"
"355",3118,574,40.73555,-73.95284,906,"McGuinness Blvd & Eagle St"
"121",354,474,40.69363137,-73.96223558,904,"Emerson Pl & Myrtle Ave"
"518",3368,272,40.6728155,-73.98352355,904,"5 Ave & 3 St"
"353",3116,512,40.73266,-73.95826,902,"Huron St & Franklin St"
"371",3135,518,40.77112927,-73.95772297,902,"E 75 St & 3 Ave"
"34",241,375,40.68981035,-73.97493121,901,"DeKalb Ave & S Portland Ave"
"554",3408,136,40.6881529,-73.99520919,896,"Congress St & Clinton St"
"35",242,387,40.697787,-73.973736,893,"Carlton Ave & Flushing Ave"
"606",3489,72,40.7106999463139,-74.003541469574,892,"Gold St & Frankfort St"
"29",232,196,40.69597683,-73.99014892,886,"Cadman Plaza E & Tillary St"
"329",3085,524,40.71469,-73.95739,883,"Roebling St & N 4 St"
"480",3328,457,40.795,-73.9645,883,"W 100 St & Manhattan Ave"
"4",83,363,40.68382604,-73.97632328,879,"Atlantic Ave & Fort Greene Pl"
"742",3637,444,40.6832386546034,-73.9659959077835,879,"Fulton St & Waverly Ave"
"762",3671,556,40.7747794489573,-73.9542746543884,879,"E 81 St & 2 Ave"
"459",3307,382,40.7941654,-73.974124,877,"West End Ave & W 94 St"
"352",3115,550,40.73232194,-73.9550858,867,"India St & Manhattan Ave"
"411",3180,122,40.69878,-73.99712,866,"Brooklyn Bridge Park - Pier 2"
"327",3082,588,40.71167351,-73.95141312,860,"Hope St & Union Ave"
"515",3365,336,40.6703837,-73.97839676,856,"3 St & 7 Ave"
"86",313,434,40.69610226,-73.96751037,855,"Washington Ave & Park Ave"
"464",3312,641,40.7817212,-73.94594,853,"1 Ave & E 94 St"
"483",3331,407,40.8013434,-73.9711457439,850,"Riverside Dr & W 104 St"
"507",3357,442,40.8008363,-73.9664492472,847,"W 106 St & Amsterdam Ave"
"625",3508,571,40.809725,-73.953149,842,"St Nicholas Ave & Manhattan Ave"
"707",3593,739,40.761584,-73.925921,841,"31 St & Broadway"
"310",3064,700,40.69681963,-73.93756926,839,"Myrtle Ave & Lewis Ave"
"560",3414,370,40.6809447234773,-73.9756733179092,839,"Bergen St & Flatbush Ave"
"213",471,527,40.71286844,-73.95698119,833,"Grand St & Havemeyer St"
"320",3074,684,40.70767788,-73.94016171,829,"Montrose Ave & Bushwick Ave"
"579",3438,511,40.7722485377217,-73.9584213495255,825,"E 76 St & 3 Ave"
"654",3538,468,40.802692,-73.96295,821,"W 110 St & Amsterdam Ave"
"748",3648,413,40.6979503156954,-73.970775604248,820,"Flushing Ave & Vanderbilt Ave"
"492",3341,478,40.795346,-73.96186,817,"Central Park West & W 102 St"
"565",3420,262,40.6802133,-73.98432695,816,"Douglass St & 3 Ave"
"141",380,77,40.73401143,-74.00293877,813,"W 4 St & 7 Ave S"
"363",3126,664,40.74718234,-73.9432635,811,"44 Dr & Jackson Ave"
"586",3453,609,40.7133522622288,-73.9491033554077,807,"Devoe St & Lorimer St"
"341",3101,551,40.72079821,-73.95484712,806,"N 12 St & Bedford Ave"
"417",3231,446,40.7678008014813,-73.9659208059311,804,"E 67 St & Park Ave"
"460",3308,128,40.6861758,-73.99645295,804,"Kane St & Clinton St"
"323",3077,590,40.70877084,-73.95095259,803,"Stagg St & Union Ave"
"51",262,388,40.6917823,-73.9737299,802,"Washington Park"
"50",261,271,40.69474881,-73.98362464,801,"Johnson St & Gold St"
"562",3417,334,40.6795766,-73.97854971,801,"Baltic St & 5 Ave"
"516",3366,430,40.8021174,-73.9681805305,797,"West End Ave & W 107 St"
"108",339,381,40.72580614,-73.97422494,796,"Avenue D & E 12 St"
"760",3668,600,40.7239567849954,-73.9498436450958,794,"Leonard St & Nassau Ave"
"511",3361,332,40.6740886,-73.9787282,789,"Carroll St & 6 Ave"
"40",248,45,40.72185379,-74.00771779,786,"Laight St & Hudson St"
"578",3437,355,40.7931348098666,-73.9770036935806,784,"Riverside Dr & W 91 St"
"340",3100,628,40.7248125644002,-73.947526216507,782,"Nassau Ave & Newell St"
"545",3398,117,40.6746957,-73.99785768,782,"Smith St & 9 St"
"519",3369,634,40.7724607,-73.9468208,781,"E 82 St & East End Ave"
"446",3294,548,40.7835016,-73.955327,780,"E 91 St & Park Ave"
"452",3300,361,40.6651468153379,-73.9763760566711,780,"Prospect Park West & 8 St"
"573",3430,670,40.7190789117956,-73.9422369003296,777,"Richardson St & N Henry St"
"672",3558,432,40.6794388,-73.9680438,776,"Bergen St & Vanderbilt Ave"
"666",3552,453,40.805973,-73.964928,771,"W 113 St & Broadway"
"468",3316,443,40.7989937,-73.9662173778,766,"W 104 St & Amsterdam Ave - 1"
"163",407,178,40.700469,-73.991454,764,"Henry St & Poplar St"
"173",418,287,40.70224,-73.982578,764,"Front St & Gold St"
"523",3373,225,40.6750705,-73.98775226,753,"3 St & 3 Ave"
"520",3370,542,40.7727966,-73.95577801,748,"E 78 St & 2 Ave"
"450",3298,156,40.686371,-73.99383324,745,"Warren St & Court St"
"509",3359,438,40.7691572,-73.96703464,745,"E 68 St & Madison Ave"
"527",3377,195,40.6786115,-73.99037292,745,"Carroll St & Bond St"
"698",3584,520,40.6707767,-73.9576801,743,"Eastern Pkwy & Franklin Ave"
"533",3384,131,40.6787242,-73.99599099,742,"Smith St & 3 St"
"633",3516,751,40.7699176,-73.9184057,740,"31 St & Astoria Blvd"
"635",3518,645,40.808442,-73.9452087,740,"Lenox Ave & W 126 St"
"557",3411,245,40.6849668,-73.98620772,735,"Bond St & Bergen St"
"175",420,419,40.68764484,-73.96968902,734,"Clermont Ave & Lafayette Ave"
"508",3358,376,40.6711978,-73.97484126,733,"Garfield Pl & 8 Ave"
"473",3321,118,40.6831164,-73.99785267,726,"Clinton St & Union St"
"695",3581,437,40.6740123,-73.9671457,722,"Underhill Ave & Lincoln Pl"
"386",3152,483,40.76873687,-73.96119945,717,"3 Ave & E 71 St"
"456",3304,268,40.668127,-73.98377641,711,"6 Ave & 9 St"
"658",3542,498,40.8086249,-73.9596214,710,"Amsterdam Ave & W 119 St"
"663",3547,503,40.8143256,-73.9590255,709,"Broadway & Moylan Pl"
"36",243,328,40.688226,-73.979382,706,"Fulton St & Rockwell Pl"
"132",365,481,40.68223166,-73.9614583,704,"Fulton St & Grand Ave"
"354",3117,508,40.73564,-73.95866,700,"Franklin St & Dupont St"
"438",3284,540,40.78141070019,-73.9559590816498,699,"E 88 St & Park Ave"
"564",3419,301,40.6792788,-73.98154004,695,"Douglass St & 4 Ave"
"567",3422,82,40.6859296,-74.00242364,694,"Columbia St & Degraw St"
"697",3583,466,40.6716493,-73.9631145,694,"Eastern Pkwy & Washington Ave"
"505",3355,428,40.7680088930595,-73.9684528112411,687,"E 66 St & Madison Ave"
"514",3364,302,40.6751622,-73.9814832,683,"Carroll St & 5 Ave"
"462",3310,266,40.663779,-73.98396846,682,"14 St & 7 Ave"
"463",3311,91,40.68763155,-74.0016256,676,"Columbia St & Kane St"
"112",343,418,40.69794,-73.96986848,674,"Clinton Ave & Flushing Ave"
"362",3125,601,40.74708586,-73.94977234,673,"45 Rd & 11 St"
"113",344,564,40.6851443,-73.95380904,663,"Monroe St & Bedford Ave"
"343",3103,516,40.72153267,-73.95782357,661,"N 11 St & Wythe Ave"
"543",3396,96,40.6783563,-74.00014502,650,"Clinton St & 4 Place"
"614",3497,723,40.7949879,-73.9333349,647,"Pleasant Ave & E 116 St"
"3",82,95,40.71117416,-74.00016545,643,"St James Pl & Pearl St"
"525",3375,490,40.7699426,-73.96060712,634,"3 Ave & E 72 St"
"642",3526,762,40.7747878,-73.9125551,634,"31 St & 23 Ave"
"570",3425,662,40.7892105,-73.94370784,631,"2 Ave & E 104 St"
"458",3306,293,40.6662078,-73.98199886,630,"10 St & 7 Ave"
"6",120,501,40.68676793,-73.95928168,624,"Lexington Ave & Classon Ave"
"547",3400,624,40.7961535,-73.94782145,623,"E 110 St & Madison Ave"
"676",3562,499,40.6765198,-73.9596082,622,"Classon Ave & St Marks Ave"
"496",3345,576,40.7894854155321,-73.9524292945862,621,"Madison Ave & E 99 St"
"59",275,449,40.68650065,-73.96563307,620,"Washington Ave & Greene Ave"
"553",3407,227,40.6790979972168,-73.9876547455788,615,"Union St & Nevins St"
"448",3296,611,40.7824541752799,-73.9489196240902,614,"E 93 St & 2 Ave"
"481",3329,164,40.6829151,-73.99318208,609,"Degraw St & Smith St"
"110",341,364,40.71782143,-73.97628939,607,"Stanton St & Mangin St"
"537",3389,73,40.6830456,-74.00348559,607,"Carroll St & Columbia St"
"735",3623,463,40.8109494,-73.9634,606,"W 120 St & Claremont Ave"
"558",3412,279,40.6853761,-73.98302136,604,"Pacific St & Nevins St"
"157",400,298,40.71926081,-73.98178024,602,"Pitt St & Stanton St"
"344",3105,544,40.724055,-73.955736,602,"N 15 St & Wythe Ave"
"342",3102,594,40.72179134,-73.9504154,596,"Driggs Ave & Lorimer St"
"664",3549,471,40.678045,-73.962408,596,"Grand Ave & Bergen St"
"120",353,380,40.68539567,-73.97431458,595,"S Portland Ave & Hanson Pl"
"588",3455,315,40.6868082050343,-73.9803618192673,595,"Schermerhorn St & 3 Ave"
"471",3319,211,40.666287,-73.98895053,593,"14 St & 5 Ave"
"494",3343,477,40.7997568,-73.9621128676,592,"W 107 St & Columbus Ave"
"285",2022,502,40.759107,-73.959223,587,"E 60 St & York Ave"
"529",3379,627,40.7903051,-73.94755757,587,"E 103 St & Lexington Ave"
"556",3410,229,40.6864442,-73.98759104,585,"Dean St & Hoyt St"
"561",3415,373,40.6793307,-73.97519523,584,"Prospect Pl & 6 Ave"
"24",216,134,40.70037867,-73.99548059,577,"Columbia Heights & Cranberry St"
"585",3452,612,40.7191557169604,-73.9488539099693,575,"Bayard St & Leonard St"
"544",3397,111,40.6763947,-73.99869893,569,"Court St & Nelson St"
"559",3413,286,40.6827549,-73.98258555,569,"Wyckoff St & 3 Ave"
"653",3537,410,40.6809741,-73.9710097,568,"Carlton Ave & Dean St"
"536",3388,100,40.6828003,-73.99990419,566,"President St & Henry St"
"326",3081,659,40.711863,-73.944024,563,"Graham Ave & Grand St"
"550",3403,214,40.6705135,-73.98876585,563,"4 Ave & 9 St"
"694",3580,465,40.6737236,-73.9631611,556,"St Johns Pl & Washington Ave"
"683",3569,537,40.6758324,-73.9561677,555,"Franklin Ave & St Marks Ave"
"322",3076,648,40.70870368,-73.9448625,551,"Scholes St & Manhattan Ave"
"534",3386,109,40.6809591,-73.99905709,547,"1 Pl & Clinton St"
"325",3080,538,40.70934,-73.95608,542,"S 4 St & Rodney St"
"602",3478,37,40.6570886666848,-74.0087020397186,539,"2 Ave & 36 St - Citi Bike HQ at Industry City"
"32",238,39,40.7361967,-74.00859207,538,"Bank St & Washington St"
"613",3496,696,40.7923272,-73.9383,534,"1 Ave & E 110 St"
"490",3339,335,40.6765304,-73.97846879,533,"Berkeley Pl & 6 Ave"
"645",3529,667,40.8107922,-73.9430681,525,"Lenox Ave & W 130 St"
"328",3083,681,40.71247661,-73.94100005,520,"Bushwick Ave & Powers St"
"455",3303,147,40.6849894,-73.99440329,517,"Butler St & Court St"
"587",3454,633,40.7103685423523,-73.9470595121384,517,"Leonard St & Maujer St"
"174",419,391,40.69580705,-73.97355569,515,"Carlton Ave & Park Ave"
"727",3615,637,40.748,-73.9460927,512,"44 Dr & 21 St"
"626",3509,597,40.8011939,-73.9500739,510,"Lenox Ave & W 115 St"
"725",3613,521,40.745038,-73.957539,509,"Center Blvd & 48 Ave"
"765",3680,316,40.7541208107793,-73.9802518486977,506,"E 43 St & 5 Ave"
"449",3297,322,40.6686627,-73.97988067,504,"6 St & 7 Ave"
"153",396,543,40.680342423,-73.9557689392,501,"Lefferts Pl & Franklin Ave"
"68",289,505,40.6845683,-73.95881081,500,"Monroe St & Classon Ave"
"688",3574,448,40.6769694,-73.96579,499,"Prospect Pl & Underhill Ave"
"165",409,534,40.6906495,-73.95643107,498,"DeKalb Ave & Skillman St"
"660",3544,456,40.6804836,-73.9646795,498,"Underhill Ave & Pacific St"
"136",372,514,40.694546087246,-73.9580136537552,493,"Franklin Ave & Myrtle Ave"
"154",397,422,40.68415748,-73.96922273,493,"Fulton St & Clermont Ave"
"686",3572,748,40.756913,-73.921631,491,"34 Ave & 38 St"
"61",278,257,40.69766564,-73.98476437,488,"Concord St & Bridge St"
"685",3571,573,40.676368,-73.952918,488,"Bedford Ave & Bergen St"
"38",245,354,40.69327018,-73.97703874,482,"Myrtle Ave & St Edwards St"
"551",3404,251,40.6704922,-73.98541675,482,"7 St & 5 Ave"
"498",3347,14,40.6773429,-74.01275056,475,"Van Brunt St & Wolcott St"
"669",3555,698,40.751047,-73.93797,474,"28 St & 41 Ave"
"712",3599,492,40.66314,-73.9605695,470,"Franklin Ave & Empire Blvd"
"649",3533,586,40.8114323,-73.9518776,468,"St. Nicholas Ave & W 126 St"
"723",3611,568,40.7449067,-73.9534573,465,"Vernon Blvd & 47 Rd"
"495",3344,21,40.679043,-74.011169,459,"Pioneer St & Van Brunt St"
"484",3332,186,40.681990442707,-73.9907902479172,458,"Degraw St & Hoyt St"
"297",3050,680,40.6851532,-73.94111,457,"Putnam Ave & Throop Ave"
"552",3405,291,40.6704836,-73.98208968,455,"5 St & 6 Ave"
"745",3644,8,40.6758162252283,-74.0148818492889,449,"Van Dyke St & Van Brunt St"
"423",3241,651,40.686203,-73.944694,448,"Monroe St & Tompkins Ave"
"10",144,312,40.69839895,-73.98068914,447,"Nassau St & Navy St"
"714",3602,749,40.763154,-73.920827,447,"31 Ave & 34 St"
"337",3094,649,40.7169811,-73.94485918,443,"Graham Ave & Withers St"
"296",3049,467,40.68488,-73.96304,426,"Cambridge Pl & Gates Ave"
"389",3157,653,40.77518615,-73.94446054,424,"East End Ave & E 86 St"
"651",3535,642,40.804038,-73.945925,423,"Mt Morris Park W & W 120 St"
"465",3313,250,40.6663181,-73.9854617,420,"6 Ave & 12 St"
"294",3047,657,40.6823687,-73.944118,418,"Halsey St & Tompkins Ave"
"428",3249,626,40.6803560840434,-73.9476791024208,415,"Verona Pl & Fulton St"
"314",3068,683,40.7031724,-73.940636,414,"Humboldt St & Varet St"
"682",3568,738,40.7569332,-73.9262231,412,"34 St & 35 Ave"
"379",3144,504,40.77677702,-73.9590097,411,"E 81 St & Park Ave"
"661",3545,482,40.8120562,-73.9612547,409,"Broadway & W 122 St"
"627",3510,607,40.8078316,-73.949373,408,"Adam Clayton Powell Blvd & W 123 St"
"63",280,138,40.73331967,-73.99510132,406,"E 10 St & 5 Ave"
"176",421,405,40.69573398,-73.97129668,405,"Clermont Ave & Park Ave"
"184",436,560,40.68216564,-73.95399026,405,"Hancock St & Bedford Ave"
"726",3614,740,40.768692,-73.9249574,405,"Crescent St & 30 Ave"
"308",3062,605,40.69539817,-73.94954908,401,"Myrtle Ave & Marcy Ave"
"584",3449,621,40.7214625622982,-73.9480090141296,399,"Eckford St & Engert Ave"
"530",3381,159,40.6777287,-73.99364123,398,"3 St & Hoyt St"
"313",3067,660,40.7016657,-73.9437303,396,"Broadway & Whipple St"
"513",3363,595,40.7904828,-73.95033068,395,"E 102 St & Park Ave"
"298",3052,710,40.686312,-73.935775,393,"Lewis Ave & Madison St"
"598",3469,497,40.7318140172097,-73.9599502086639,387,"India St & West St"
"367",3130,663,40.75325964,-73.94335788,386,"21 St & Queens Plaza North"
"728",3616,761,40.7656251,-73.9136695,383,"Steinway St & 28 Ave"
"275",2001,320,40.699773,-73.979927,380,"Sands St & Navy St"
"476",3324,162,40.6685455,-73.99333264,374,"3 Ave & 14 St"
"357",3120,494,40.74161,-73.96044,370,"Center Blvd & Borden Ave"
"706",3592,732,40.7633589,-73.9286471,366,"Crescent St & Broadway"
"693",3579,557,40.672695,-73.954131,363,"Sterling Pl & Bedford Ave"
"715",3603,743,40.7647,-73.9240312,360,"31 Ave & 30 St"
"722",3610,720,40.770845,-73.934171,359,"Vernon Blvd & 30 Rd"
"300",3054,671,40.6894932,-73.942061,358,"Greene Ave & Throop Ave"
"319",3073,555,40.70691254,-73.95441667,358,"Division Ave & Hooper St"
"338",3095,647,40.71929301,-73.94500379,358,"Graham Ave & Herbert St"
"648",3532,752,40.78145,-73.9183302,355,"Ditmars Blvd & 19 St"
"656",3540,549,40.81,-73.9551508,352,"Morningside Ave & W 123 St"
"717",3605,737,40.7658346,-73.9265474,351,"31 Ave & Crescent St"
"454",3302,458,40.7969347,-73.9643412291,348,"Columbus Ave & W 103 St"
"469",3317,237,40.6686273,-73.98700053,347,"10 St & 5 Ave"
"303",3057,644,40.69128258,-73.9452416,346,"Kosciuszko St & Tompkins Ave"
"489",3338,643,40.7862586,-73.94552579,346,"2 Ave & E 99 St"
"729",3617,754,40.7671,-73.9169858,345,"28 Ave & 35 St"
"293",3046,697,40.682601,-73.938037,344,"Marcus Garvey Blvd & Macon St"
"535",3387,606,40.7934337,-73.94945003,344,"E 106 St & Madison Ave"
"499",3348,7,40.677236,-74.015665,342,"Coffey St & Conover St"
"191",443,462,40.70853074,-73.96408963,338,"Bedford Ave & S 9 St"
"521",3371,254,40.6746134224758,-73.9850114285946,338,"4 Ave & 2 St"
"546",3399,201,40.6726029815013,-73.9898300170898,336,"7 St & 3 Ave"
"312",3066,632,40.69957608,-73.94708417,335,"Tompkins Ave & Hopkins St"
"634",3517,753,40.7711528,-73.9170074,334,"31 St & Hoyt Ave N"
"619",3502,656,40.7954121,-73.9441232,332,"Lexington Ave & E 111 St"
"684",3570,745,40.7557327,-73.9236611,329,"35 Ave & 37 St"
"569",3424,639,40.791976,-73.945993,328,"E 106 St & Lexington Ave"
"538",3390,665,40.79329668,-73.9432083,323,"E 109 St & 3 Ave"
"631",3514,736,40.7767,-73.927631,323,"Astoria Park S & Shore Blvd"
"332",3088,585,40.7160751,-73.952029,321,"Union Ave & Jackson St"
"137",373,563,40.69331716,-73.95381995,318,"Willoughby Ave & Walworth St"
"317",3071,603,40.70538077,-73.94976519,317,"Boerum St & Broadway"
"461",3309,616,40.7859201,-73.94860294,315,"E 97 St & 3 Ave"
"290",3042,731,40.6794268,-73.9298911,311,"Fulton St & Utica Ave"
"566",3421,210,40.6843549,-73.98901629,308,"Hoyt St & Warren St"
"670",3556,688,40.7527085,-73.9397405,306,"24 St & 41 Ave"
"302",3056,589,40.69072549,-73.95133465,303,"Kosciuszko St & Nostrand Ave"
"114",345,124,40.73649403,-73.99704374,301,"W 13 St & 6 Ave"
"647",3531,608,40.8125511,-73.9492286,300,"Frederick Douglass Blvd & W 129 St"
"677",3563,724,40.757186,-73.932719,300,"28 St & 36 Ave"
"358",3121,629,40.74524768,-73.94733276,299,"Jackson Ave & 46 Rd"
"477",3325,593,40.7849032,-73.950503,297,"E 95 St & 3 Ave"
"295",3048,602,40.68402,-73.94977,296,"Putnam Ave & Nostrand Ave"
"306",3060,636,40.69425403,-73.94626915,293,"Willoughby Ave & Tompkins Ave"
"708",3595,747,40.760339,-73.9222427,290,"35 St & Broadway"
"692",3578,532,40.6741806,-73.9564947,288,"Park Pl & Franklin Ave"
"730",3618,678,40.7485,-73.941275,287,"27 St & Hunter St"
"738",3629,625,40.8094953477795,-73.9477649331093,286,"Adam Clayton Powell Blvd & W 126 St"
"304",3058,704,40.69237074,-73.93705428,283,"Lewis Ave & Kosciuszko St"
"636",3520,587,40.804372,-73.951475,282,"Adam Clayton Powell Blvd & W 118 St"
"705",3591,729,40.7659,-73.930819,282,"21 St & 31 Dr"
"628",3511,570,40.802535,-73.9532423,281,"Adam Clayton Powell Blvd & W 115 St"
"359",3122,541,40.7443632870669,-73.9558732509613,279,"48 Ave & 5 St"
"301",3055,591,40.6883337,-73.950916,278,"Greene Ave & Nostrand Ave"
"702",3588,701,40.7671863,-73.9373554,278,"Vernon Blvd & 10 St"
"315",3069,619,40.70411791,-73.94818595,277,"Lorimer St & Broadway"
"734",3622,691,40.80756,-73.939182,277,"E 128 St & Madison Ave"
"289",3041,676,40.67890679,-73.94142771,275,"Kingston Ave & Herkimer St"
"581",3441,79,40.752957,-74.00264,275,"10 Hudson Yards"
"608",3491,714,40.79747,-73.93504,275,"E 118 St & 1 Ave"
"474",3322,194,40.668603,-73.9904394,271,"12 St & 4 Ave"
"657",3541,533,40.813358,-73.956461,270,"Amsterdam Ave & W 125 St"
"334",3091,614,40.71764,-73.94882,267,"Frost St & Meeker St"
"757",3662,755,40.7612938972891,-73.916916847229,265,"31 Ave & Steinway St"
"640",3524,746,40.7774552,-73.9225403,263,"19 St & 24 Ave"
"611",3494,669,40.797911,-73.9423,259,"E 115 St & Lexington Ave"
"14",152,32,40.71473993,-74.00910627,258,"Warren St & Church St"
"696",3582,485,40.6721683,-73.9609,257,"Lincoln Pl & Classon Ave"
"539",3391,690,40.7892529,-73.93956237,256,"E 106 St & 1 Ave"
"360",3123,713,40.74469738,-73.93540375,255,"31 St & Thomson Ave"
"621",3504,699,40.8029263,-73.9379,254,"E 123 St & Lexington Ave"
"710",3597,756,40.7577284,-73.9166368,253,"43 St & Broadway"
"540",3392,38,40.6812117,-74.00860912,249,"Commerce St & Van Brunt St"
"721",3609,712,40.7692475,-73.9354504,244,"Vernon Blvd & 31 Ave"
"548",3401,163,40.6724811,-73.99331394,242,"2 Ave & 9 St"
"541",3393,43,40.6794327,-74.00785041,241,"Richards St & Delavan St"
"662",3546,507,40.6791944,-73.9587903,241,"Pacific St & Classon Ave"
"680",3566,726,40.7596276,-73.9321455,240,"Crescent St & 35 Ave"
"731",3619,741,40.7713615,-73.9246145,239,"Newtown Ave & 23 St"
"718",3606,613,40.74252,-73.948852,237,"49 Ave & 21 St"
"750",3653,734,40.7582046469676,-73.9283215999603,237,"31 St & 35 Ave"
"503",3352,36,40.6726724341095,-74.0087952464819,233,"Sigourney St & Columbia St"
"674",3560,718,40.754876,-73.934326,233,"28 St & 38 Ave"
"413",3221,711,40.743,-73.93561,232,"47 Ave & 31 St"
"610",3493,694,40.799139,-73.9389152,231,"E 118 St & 3 Ave"
"410",3179,677,40.698617,-73.941342,228,"Park Ave & Marcus Garvey Blvd"
"365",3128,640,40.75052534,-73.94594845,227,"21 St & 43 Ave"
"618",3501,655,40.8014866,-73.9442507,226,"E 118 St & Madison Ave"
"701",3587,479,40.6686744,-73.9618148,225,"Carroll St & Washington Ave"
"316",3070,658,40.70510918,-73.94407279,224,"McKibbin St & Manhattan Ave"
"318",3072,635,40.70583339,-73.94644578,223,"Leonard St & Boerum St"
"643",3527,673,40.80698,-73.941747,223,"5 Ave & E 126 St"
"675",3561,735,40.7531106,-73.9279917,222,"37 Ave & 35 St"
"632",3515,750,40.774591,-73.918544,220,"24 Ave & 26 St"
"305",3059,685,40.6933982,-73.939877,219,"Pulaski St & Marcus Garvey Blvd"
"309",3063,578,40.69527008,-73.95238108,219,"Nostrand Ave & Myrtle Ave"
"679",3565,679,40.7614376,-73.9411265,218,"36 Ave & 10 St"
"364",3127,583,40.74966,-73.9521,213,"9 St & 44 Rd"
"646",3530,759,40.7787185,-73.9145645,212,"Crescent St & Ditmars Blvd"
"644",3528,764,40.7713937,-73.9077436,210,"Steinway St & 23 Ave"
"616",3499,716,40.8006721,-73.9349,208,"2 Ave & E 122 St"
"689",3575,730,40.76108,-73.930562,208,"Crescent St & 34 Ave"
"441",3288,615,40.778301,-73.9488134,206,"E 88 St & 1 Ave"
"479",3327,630,40.7877214,-73.94728331,204,"3 Ave & E 100 St"
"659",3543,525,40.81028506306,-73.9573645591736,204,"Morningside Dr & Amsterdam Ave"
"617",3500,650,40.7989445,-73.944846,203,"E 115 St & Madison Ave"
"668",3554,617,40.7552433,-73.9485678,203,"Vernon Blvd & 41 Rd"
"691",3577,719,40.7628138,-73.9342862,203,"34 Ave & 21 St"
"612",3495,709,40.7945663,-73.9362541,202,"E 114 St & 1 Ave"
"638",3522,763,40.7701477,-73.9120938,202,"37 St & 24 Ave"
"751",3654,722,40.7518695142187,-73.933492898941,200,"31 St & Northern Blvd"
"5",119,340,40.69608941,-73.97803415,199,"Park Ave & St Edwards St"
"720",3608,531,40.7423737,-73.9566,198,"5 St & 51 Ave"
"589",3456,618,40.7163803197356,-73.9482128620148,196,"Jackson St & Leonard St"
"665",3551,675,40.795508,-73.941606,193,"3 Ave & E 112 St"
"687",3573,742,40.7580583,-73.9242751,193,"35 St & 34 Ave"
"703",3589,717,40.7668,-73.9347774,192,"Broadway & 12 St"
"716",3604,562,40.6630619,-73.9538746,190,"Rogers Ave & Sterling St"
"299",3053,622,40.6900815,-73.947915,189,"Marcy Ave & Lafayette Ave"
"607",3490,702,40.796879,-73.937261,188,"E 116 St & 2 Ave"
"749",3649,569,40.8143944379158,-73.9532473683357,188,"W 129 St & Convent Ave"
"620",3503,668,40.80295,-73.942954,184,"Madison Ave & E 120 St"
"639",3523,757,40.7729,-73.916142,184,"24 Ave & 29 St"
"615",3498,727,40.7974772,-73.9311847,182,"Pleasant Ave & E 120 St"
"719",3607,725,40.7682,-73.9322662,180,"31 Ave & 14 St"
"711",3598,760,40.7595701,-73.9142678,179,"Newton Rd & 44 St"
"311",3065,596,40.70029511,-73.95032283,176,"Union Ave & Wallabout St"
"321",3075,515,40.70708701,-73.95796783,172,"Division Ave & Marcy Ave"
"737",3628,610,40.8025566,-73.9490782,172,"Lenox Ave & W 117 St"
"307",3061,661,40.69622937,-73.94371094,159,"Throop Ave & Myrtle Ave"
"493",3342,29,40.6777748,-74.0094613,158,"Pioneer St & Richards St"
"623",3506,687,40.8013066,-73.9398167,158,"Lexington Ave & E 120 St"
"451",3299,584,40.78813,-73.95206,157,"E 98 St & Park Ave"
"491",3340,27,40.6753274,-74.0100698,154,"Wolcott St & Dwight St"
"724",3612,733,40.7703743,-73.9286078,152,"30 Ave & 21 St"
"733",3621,728,40.7739825,-73.9309134,146,"27 Ave & 9 St"
"736",3625,706,40.7525758,-73.9364281,146,"28 St & 40 Ave"
"291",3043,715,40.6814598,-73.934903,144,"Lewis Ave & Decatur St"
"488",3337,17,40.673635513415,-74.0119555592537,143,"Dwight St & Van Dyke St"
"44",253,146,40.73543934,-73.99453948,138,"W 13 St & 5 Ave"
"478",3326,89,40.67434,-74.00194698,136,"Clinton St & Centre St"
"699",3585,547,40.6691783,-73.9554162,135,"Union St & Bedford Ave"
"601",3477,22,40.6553997744783,-74.0106278657913,134,"39 St & 2 Ave - Citi Bike HQ at Industry City"
"746",3646,686,40.7631548191037,-73.9398550987244,132,"35 Ave & 10 St"
"761",3669,74,40.6763035763418,-74.0031404793262,130,"Henry St & W 9 St"
"713",3601,528,40.6627059,-73.9569115,125,"Sterling St & Bedford Ave"
"292",3044,695,40.6800105,-73.938475,123,"Albany Ave & Fulton St"
"630",3513,744,40.774645,-73.923706,120,"21 St & Hoyt Ave S"
"641",3525,758,40.776165,-73.9153175,120,"23 Ave & 27 St"
"747",3647,703,40.7412830935599,-73.9372587203979,120,"48 Ave & 30 Pl"
"622",3505,707,40.805726,-73.936322,118,"Lexington Ave & E 127 St"
"482",3330,65,40.6725058,-74.00494695,114,"Henry St & Bay St"
"756",3661,493,40.6664393068708,-73.9605563879013,101,"Montgomery St & Franklin Ave"
"278",2005,411,40.70531194,-73.97100056,96,"Railroad Ave & Kay Ave"
"739",3631,530,40.666563,-73.956741,89,"Crown St & Bedford Ave"
"704",3590,506,40.6679411,-73.9588,86,"Carroll St & Franklin Ave"
"763",3673,545,40.6775920693738,-73.955637216568,84,"Dean St & Franklin Ave"
"609",3492,672,40.8005385,-73.9419949,80,"E 118 St & Park Ave"
"700",3586,705,40.7638753,-73.9364848,79,"34 Ave & 13 St"
"681",3567,693,40.7627442,-73.9391141,67,"11 St & 35 Ave"
"542",3394,56,40.6769993,-74.00647134,64,"Columbia St & W 9 St"
"673",3559,692,40.7576314,-73.9391224,63,"21 St & 38 Ave"
"678",3564,708,40.7601853,-73.9362726,60,"21 St & 36 Ave"
"575",3432,143,40.6690601350111,-73.9946365356445,58,"NYCBS Depot - GOW"
"629",3512,721,40.7747175,-73.9337894,50,"27 Ave & 4 St"
"709",3596,523,40.6642406,-73.9574686,48,"Sullivan Pl & Bedford Ave"
"26",223,99,40.73781509,-73.99994661,44,"W 13 St & 7 Ave"
"597",3468,377,40.7303801,-73.9747502,43,"NYCBS Depot - STY - Garage 4"
"671",3557,646,40.75742,-73.945133,42,"40 Ave & 9 St"
"485",3333,46,40.6747055,-74.0075572,38,"Columbia St & Lorraine St"
"422",3239,4,40.6465383670965,-74.0165877342224,33,"Bressler"
"429",3254,9,40.6923166071919,-74.0148657560349,6,"Soissons Landing"
"732",3620,623,40.7519071,-73.9479119,6,"11 St & 43 Ave"
"412",3182,2,40.686931,-74.016966,2,"Yankee Ferry Terminal"
"603",3485,378,40.725208,-73.974724,2,"NYCBS Depot - RIS"
"427",3245,289,40.7164442313448,-73.9823305606842,1,"NYCBS DEPOT - DELANCEY"
"605",3488,765,45.5063640540114,-73.5694634914398,1,"8D QC Station 01"
